-- =====================================================
-- EXAMINATION MODULE TEST DATA
-- For testing examination management CRUD operations
-- =====================================================
-- This file provides comprehensive test data covering:
-- - Exam types (Midterm, Final, Unit Test, etc.)
-- - Exams across different academic years
-- - Exam schedules with different subjects and classes
-- - Exam results with various performance levels
-- =====================================================

-- Prerequisites: Run academic_test_data.sql and students_test_data.sql first

-- Use the same test tenant
-- Test Tenant ID: 00000000-0000-0000-0000-000000000001

-- =====================================================
-- SUBJECTS
-- =====================================================

INSERT INTO subjects (id, tenant_id, name, code, description, created_at)
VALUES
  -- Core Subjects
  (
    'subj1000-0000-0000-0000-000000000001',
    '00000000-0000-0000-0000-000000000001',
    'Mathematics',
    'MATH',
    'Core mathematics curriculum',
    now()
  ),
  (
    'subj1000-0000-0000-0000-000000000002',
    '00000000-0000-0000-0000-000000000001',
    'English',
    'ENG',
    'English language and literature',
    now()
  ),
  (
    'subj1000-0000-0000-0000-000000000003',
    '00000000-0000-0000-0000-000000000001',
    'Science',
    'SCI',
    'General science',
    now()
  ),
  (
    'subj1000-0000-0000-0000-000000000004',
    '00000000-0000-0000-0000-000000000001',
    'Social Studies',
    'SS',
    'History, geography, and civics',
    now()
  ),
  (
    'subj1000-0000-0000-0000-000000000005',
    '00000000-0000-0000-0000-000000000001',
    'Hindi',
    'HIN',
    'Hindi language',
    now()
  ),
  
  -- Additional Subjects
  (
    'subj1000-0000-0000-0000-000000000006',
    '00000000-0000-0000-0000-000000000001',
    'Computer Science',
    'CS',
    'Basic computer skills and programming',
    now()
  ),
  (
    'subj1000-0000-0000-0000-000000000007',
    '00000000-0000-0000-0000-000000000001',
    'Physical Education',
    'PE',
    'Sports and physical fitness',
    now()
  ),
  (
    'subj1000-0000-0000-0000-000000000008',
    '00000000-0000-0000-0000-000000000001',
    'Art & Craft',
    'ART',
    'Creative arts and crafts',
    now()
  ),
  (
    'subj1000-0000-0000-0000-000000000009',
    '00000000-0000-0000-0000-000000000001',
    'Music',
    'MUS',
    'Vocal and instrumental music',
    now()
  ),
  (
    'subj1000-0000-0000-0000-000000000010',
    '00000000-0000-0000-0000-000000000001',
    'Environmental Studies',
    'EVS',
    'Environment and nature studies',
    now()
  )
ON CONFLICT (id) DO NOTHING;

-- =====================================================
-- CLASS SUBJECTS MAPPING
-- =====================================================

-- Grade 1 Subjects
INSERT INTO class_subjects (id, tenant_id, class_id, subject_id, created_at)
VALUES
  ('csub1000-0000-0000-0000-000000000001', '00000000-0000-0000-0000-000000000001', 'c1000000-0000-0000-0000-000000000001', 'subj1000-0000-0000-0000-000000000001', now()), -- Math
  ('csub1000-0000-0000-0000-000000000002', '00000000-0000-0000-0000-000000000001', 'c1000000-0000-0000-0000-000000000001', 'subj1000-0000-0000-0000-000000000002', now()), -- English
  ('csub1000-0000-0000-0000-000000000003', '00000000-0000-0000-0000-000000000001', 'c1000000-0000-0000-0000-000000000001', 'subj1000-0000-0000-0000-000000000005', now()), -- Hindi
  ('csub1000-0000-0000-0000-000000000004', '00000000-0000-0000-0000-000000000001', 'c1000000-0000-0000-0000-000000000001', 'subj1000-0000-0000-0000-000000000010', now()), -- EVS
  ('csub1000-0000-0000-0000-000000000005', '00000000-0000-0000-0000-000000000001', 'c1000000-0000-0000-0000-000000000001', 'subj1000-0000-0000-0000-000000000008', now()), -- Art
  
  -- Grade 2 Subjects
  ('csub1000-0000-0000-0000-000000000011', '00000000-0000-0000-0000-000000000001', 'c1000000-0000-0000-0000-000000000002', 'subj1000-0000-0000-0000-000000000001', now()), -- Math
  ('csub1000-0000-0000-0000-000000000012', '00000000-0000-0000-0000-000000000001', 'c1000000-0000-0000-0000-000000000002', 'subj1000-0000-0000-0000-000000000002', now()), -- English
  ('csub1000-0000-0000-0000-000000000013', '00000000-0000-0000-0000-000000000001', 'c1000000-0000-0000-0000-000000000002', 'subj1000-0000-0000-0000-000000000005', now()), -- Hindi
  ('csub1000-0000-0000-0000-000000000014', '00000000-0000-0000-0000-000000000001', 'c1000000-0000-0000-0000-000000000002', 'subj1000-0000-0000-0000-000000000010', now()), -- EVS
  ('csub1000-0000-0000-0000-000000000015', '00000000-0000-0000-0000-000000000001', 'c1000000-0000-0000-0000-000000000002', 'subj1000-0000-0000-0000-000000000006', now()), -- CS
  
  -- Grade 3 Subjects
  ('csub1000-0000-0000-0000-000000000021', '00000000-0000-0000-0000-000000000001', 'c1000000-0000-0000-0000-000000000003', 'subj1000-0000-0000-0000-000000000001', now()), -- Math
  ('csub1000-0000-0000-0000-000000000022', '00000000-0000-0000-0000-000000000001', 'c1000000-0000-0000-0000-000000000003', 'subj1000-0000-0000-0000-000000000002', now()), -- English
  ('csub1000-0000-0000-0000-000000000023', '00000000-0000-0000-0000-000000000001', 'c1000000-0000-0000-0000-000000000003', 'subj1000-0000-0000-0000-000000000003', now()), -- Science
  ('csub1000-0000-0000-0000-000000000024', '00000000-0000-0000-0000-000000000001', 'c1000000-0000-0000-0000-000000000003', 'subj1000-0000-0000-0000-000000000004', now()), -- Social Studies
  ('csub1000-0000-0000-0000-000000000025', '00000000-0000-0000-0000-000000000001', 'c1000000-0000-0000-0000-000000000003', 'subj1000-0000-0000-0000-000000000005', now()), -- Hindi
  ('csub1000-0000-0000-0000-000000000026', '00000000-0000-0000-0000-000000000001', 'c1000000-0000-0000-0000-000000000003', 'subj1000-0000-0000-0000-000000000006', now())  -- CS
ON CONFLICT (id) DO NOTHING;

-- =====================================================
-- EXAM TYPES
-- =====================================================

INSERT INTO exam_types (id, tenant_id, name, description, created_at)
VALUES
  (
    'exty1000-0000-0000-0000-000000000001',
    '00000000-0000-0000-0000-000000000001',
    'Unit Test',
    'Short tests conducted after completing each unit',
    now()
  ),
  (
    'exty1000-0000-0000-0000-000000000002',
    '00000000-0000-0000-0000-000000000001',
    'Mid-Term Exam',
    'Half-yearly examination covering first semester syllabus',
    now()
  ),
  (
    'exty1000-0000-0000-0000-000000000003',
    '00000000-0000-0000-0000-000000000001',
    'Final Exam',
    'Annual examination covering full year syllabus',
    now()
  ),
  (
    'exty1000-0000-0000-0000-000000000004',
    '00000000-0000-0000-0000-000000000001',
    'Pre-Board Exam',
    'Mock examination before board exams',
    now()
  ),
  (
    'exty1000-0000-0000-0000-000000000005',
    '00000000-0000-0000-0000-000000000001',
    'Quarterly Assessment',
    'Assessment conducted every quarter',
    now()
  ),
  (
    'exty1000-0000-0000-0000-000000000006',
    '00000000-0000-0000-0000-000000000001',
    'Surprise Test',
    'Unannounced tests to assess regular study habits',
    now()
  )
ON CONFLICT (id) DO NOTHING;

-- =====================================================
-- EXAMS
-- =====================================================

INSERT INTO exams (id, tenant_id, exam_type_id, name, academic_year_id, start_date, end_date, status, created_at)
VALUES
  -- Completed Exams
  (
    'exam1000-0000-0000-0000-000000000001',
    '00000000-0000-0000-0000-000000000001',
    'exty1000-0000-0000-0000-000000000001',
    'Unit Test 1 - September 2025',
    NULL,
    '2025-09-10',
    '2025-09-15',
    'completed',
    '2025-08-20 10:00:00'
  ),
  (
    'exam1000-0000-0000-0000-000000000002',
    '00000000-0000-0000-0000-000000000001',
    'exty1000-0000-0000-0000-000000000002',
    'Mid-Term Examination - October 2025',
    NULL,
    '2025-10-15',
    '2025-10-25',
    'completed',
    '2025-09-01 10:00:00'
  ),
  (
    'exam1000-0000-0000-0000-000000000003',
    '00000000-0000-0000-0000-000000000001',
    'exty1000-0000-0000-0000-000000000001',
    'Unit Test 2 - November 2025',
    NULL,
    '2025-11-20',
    '2025-11-25',
    'completed',
    '2025-11-01 10:00:00'
  ),
  (
    'exam1000-0000-0000-0000-000000000004',
    '00000000-0000-0000-0000-000000000001',
    'exty1000-0000-0000-0000-000000000005',
    'Quarterly Assessment - December 2025',
    NULL,
    '2025-12-10',
    '2025-12-18',
    'completed',
    '2025-11-15 10:00:00'
  ),
  
  -- Ongoing Exam
  (
    'exam1000-0000-0000-0000-000000000005',
    '00000000-0000-0000-0000-000000000001',
    'exty1000-0000-0000-0000-000000000001',
    'Unit Test 3 - January 2026',
    NULL,
    '2026-01-02',
    '2026-01-08',
    'ongoing',
    '2025-12-15 10:00:00'
  ),
  
  -- Scheduled Exams
  (
    'exam1000-0000-0000-0000-000000000006',
    '00000000-0000-0000-0000-000000000001',
    'exty1000-0000-0000-0000-000000000003',
    'Final Examination - March 2026',
    NULL,
    '2026-03-01',
    '2026-03-15',
    'scheduled',
    '2026-01-02 10:00:00'
  ),
  (
    'exam1000-0000-0000-0000-000000000007',
    '00000000-0000-0000-0000-000000000001',
    'exty1000-0000-0000-0000-000000000001',
    'Unit Test 4 - February 2026',
    NULL,
    '2026-02-10',
    '2026-02-15',
    'scheduled',
    '2026-01-03 10:00:00'
  ),
  (
    'exam1000-0000-0000-0000-000000000008',
    '00000000-0000-0000-0000-000000000001',
    'exty1000-0000-0000-0000-000000000004',
    'Pre-Board Examination - February 2026',
    NULL,
    '2026-02-20',
    '2026-02-28',
    'scheduled',
    '2026-01-03 11:00:00'
  )
ON CONFLICT (id) DO NOTHING;

-- =====================================================
-- EXAM SCHEDULES
-- =====================================================

-- Unit Test 1 - September 2025 (Completed)
-- Grade 1 Schedule
INSERT INTO exam_schedules (id, tenant_id, exam_id, class_id, subject_id, exam_date, start_time, end_time, room_number, max_marks, created_at)
VALUES
  ('exsc1000-0000-0000-0000-000000000001', '00000000-0000-0000-0000-000000000001', 'exam1000-0000-0000-0000-000000000001', 'c1000000-0000-0000-0000-000000000001', 'subj1000-0000-0000-0000-000000000001', '2025-09-10', '09:00:00', '10:30:00', 'Room 101', 50, now()),
  ('exsc1000-0000-0000-0000-000000000002', '00000000-0000-0000-0000-000000000001', 'exam1000-0000-0000-0000-000000000001', 'c1000000-0000-0000-0000-000000000001', 'subj1000-0000-0000-0000-000000000002', '2025-09-11', '09:00:00', '10:30:00', 'Room 101', 50, now()),
  ('exsc1000-0000-0000-0000-000000000003', '00000000-0000-0000-0000-000000000001', 'exam1000-0000-0000-0000-000000000001', 'c1000000-0000-0000-0000-000000000001', 'subj1000-0000-0000-0000-000000000005', '2025-09-12', '09:00:00', '10:30:00', 'Room 101', 50, now()),
  
  -- Grade 2 Schedule
  ('exsc1000-0000-0000-0000-000000000011', '00000000-0000-0000-0000-000000000001', 'exam1000-0000-0000-0000-000000000001', 'c1000000-0000-0000-0000-000000000002', 'subj1000-0000-0000-0000-000000000001', '2025-09-10', '11:00:00', '12:30:00', 'Room 201', 50, now()),
  ('exsc1000-0000-0000-0000-000000000012', '00000000-0000-0000-0000-000000000001', 'exam1000-0000-0000-0000-000000000001', 'c1000000-0000-0000-0000-000000000002', 'subj1000-0000-0000-0000-000000000002', '2025-09-11', '11:00:00', '12:30:00', 'Room 201', 50, now()),
  ('exsc1000-0000-0000-0000-000000000013', '00000000-0000-0000-0000-000000000001', 'exam1000-0000-0000-0000-000000000001', 'c1000000-0000-0000-0000-000000000002', 'subj1000-0000-0000-0000-000000000005', '2025-09-12', '11:00:00', '12:30:00', 'Room 201', 50, now()),
  
  -- Grade 3 Schedule
  ('exsc1000-0000-0000-0000-000000000021', '00000000-0000-0000-0000-000000000001', 'exam1000-0000-0000-0000-000000000001', 'c1000000-0000-0000-0000-000000000003', 'subj1000-0000-0000-0000-000000000001', '2025-09-13', '09:00:00', '11:00:00', 'Room 301', 100, now()),
  ('exsc1000-0000-0000-0000-000000000022', '00000000-0000-0000-0000-000000000001', 'exam1000-0000-0000-0000-000000000001', 'c1000000-0000-0000-0000-000000000003', 'subj1000-0000-0000-0000-000000000002', '2025-09-14', '09:00:00', '11:00:00', 'Room 301', 100, now()),
  ('exsc1000-0000-0000-0000-000000000023', '00000000-0000-0000-0000-000000000001', 'exam1000-0000-0000-0000-000000000001', 'c1000000-0000-0000-0000-000000000003', 'subj1000-0000-0000-0000-000000000003', '2025-09-15', '09:00:00', '11:00:00', 'Room 301', 100, now())
ON CONFLICT (id) DO NOTHING;

-- Mid-Term Examination - October 2025 (Completed)
-- Grade 3 Comprehensive Schedule
INSERT INTO exam_schedules (id, tenant_id, exam_id, class_id, subject_id, exam_date, start_time, end_time, room_number, max_marks, created_at)
VALUES
  ('exsc1000-0000-0000-0000-000000000031', '00000000-0000-0000-0000-000000000001', 'exam1000-0000-0000-0000-000000000002', 'c1000000-0000-0000-0000-000000000003', 'subj1000-0000-0000-0000-000000000001', '2025-10-15', '09:00:00', '12:00:00', 'Exam Hall A', 100, now()),
  ('exsc1000-0000-0000-0000-000000000032', '00000000-0000-0000-0000-000000000001', 'exam1000-0000-0000-0000-000000000002', 'c1000000-0000-0000-0000-000000000003', 'subj1000-0000-0000-0000-000000000002', '2025-10-17', '09:00:00', '12:00:00', 'Exam Hall A', 100, now()),
  ('exsc1000-0000-0000-0000-000000000033', '00000000-0000-0000-0000-000000000001', 'exam1000-0000-0000-0000-000000000002', 'c1000000-0000-0000-0000-000000000003', 'subj1000-0000-0000-0000-000000000003', '2025-10-19', '09:00:00', '12:00:00', 'Exam Hall A', 100, now()),
  ('exsc1000-0000-0000-0000-000000000034', '00000000-0000-0000-0000-000000000001', 'exam1000-0000-0000-0000-000000000002', 'c1000000-0000-0000-0000-000000000003', 'subj1000-0000-0000-0000-000000000004', '2025-10-21', '09:00:00', '12:00:00', 'Exam Hall A', 100, now()),
  ('exsc1000-0000-0000-0000-000000000035', '00000000-0000-0000-0000-000000000001', 'exam1000-0000-0000-0000-000000000002', 'c1000000-0000-0000-0000-000000000003', 'subj1000-0000-0000-0000-000000000005', '2025-10-23', '09:00:00', '12:00:00', 'Exam Hall A', 100, now()),
  ('exsc1000-0000-0000-0000-000000000036', '00000000-0000-0000-0000-000000000001', 'exam1000-0000-0000-0000-000000000002', 'c1000000-0000-0000-0000-000000000003', 'subj1000-0000-0000-0000-000000000006', '2025-10-25', '09:00:00', '12:00:00', 'Exam Hall A', 100, now())
ON CONFLICT (id) DO NOTHING;

-- Ongoing Exam - Unit Test 3 - January 2026
INSERT INTO exam_schedules (id, tenant_id, exam_id, class_id, subject_id, exam_date, start_time, end_time, room_number, max_marks, created_at)
VALUES
  ('exsc1000-0000-0000-0000-000000000051', '00000000-0000-0000-0000-000000000001', 'exam1000-0000-0000-0000-000000000005', 'c1000000-0000-0000-0000-000000000003', 'subj1000-0000-0000-0000-000000000001', '2026-01-02', '10:00:00', '11:30:00', 'Room 301', 50, now()),
  ('exsc1000-0000-0000-0000-000000000052', '00000000-0000-0000-0000-000000000001', 'exam1000-0000-0000-0000-000000000005', 'c1000000-0000-0000-0000-000000000003', 'subj1000-0000-0000-0000-000000000002', '2026-01-03', '10:00:00', '11:30:00', 'Room 301', 50, now()),
  ('exsc1000-0000-0000-0000-000000000053', '00000000-0000-0000-0000-000000000001', 'exam1000-0000-0000-0000-000000000005', 'c1000000-0000-0000-0000-000000000003', 'subj1000-0000-0000-0000-000000000003', '2026-01-06', '10:00:00', '11:30:00', 'Room 301', 50, now())
ON CONFLICT (id) DO NOTHING;

-- =====================================================
-- EXAM RESULTS
-- =====================================================

-- Results for Unit Test 1 - Grade 1 Mathematics
-- Using student IDs from students_test_data.sql
INSERT INTO exam_results (id, tenant_id, exam_schedule_id, student_id, marks_obtained, grade, remarks, is_absent, created_at, updated_at)
VALUES
  -- Excellent Performance
  ('exrs1000-0000-0000-0000-000000000001', '00000000-0000-0000-0000-000000000001', 'exsc1000-0000-0000-0000-000000000001', 'std10000-0000-0000-0000-000000000001', 47, 'A+', 'Excellent work', false, now(), now()),
  ('exrs1000-0000-0000-0000-000000000002', '00000000-0000-0000-0000-000000000001', 'exsc1000-0000-0000-0000-000000000001', 'std10000-0000-0000-0000-000000000002', 45, 'A+', 'Outstanding performance', false, now(), now()),
  
  -- Good Performance
  ('exrs1000-0000-0000-0000-000000000003', '00000000-0000-0000-0000-000000000001', 'exsc1000-0000-0000-0000-000000000001', 'std10000-0000-0000-0000-000000000003', 40, 'A', 'Very good', false, now(), now()),
  ('exrs1000-0000-0000-0000-000000000004', '00000000-0000-0000-0000-000000000001', 'exsc1000-0000-0000-0000-000000000001', 'std10000-0000-0000-0000-000000000004', 38, 'A', 'Good effort', false, now(), now()),
  
  -- Average Performance
  ('exrs1000-0000-0000-0000-000000000005', '00000000-0000-0000-0000-000000000001', 'exsc1000-0000-0000-0000-000000000001', 'std10000-0000-0000-0000-000000000005', 33, 'B+', 'Satisfactory', false, now(), now()),
  ('exrs1000-0000-0000-0000-000000000006', '00000000-0000-0000-0000-000000000001', 'exsc1000-0000-0000-0000-000000000001', 'std10000-0000-0000-0000-000000000006', 30, 'B', 'Can improve', false, now(), now()),
  
  -- Below Average
  ('exrs1000-0000-0000-0000-000000000007', '00000000-0000-0000-0000-000000000001', 'exsc1000-0000-0000-0000-000000000001', 'std10000-0000-0000-0000-000000000007', 25, 'C', 'Needs more practice', false, now(), now()),
  
  -- Absent
  ('exrs1000-0000-0000-0000-000000000008', '00000000-0000-0000-0000-000000000001', 'exsc1000-0000-0000-0000-000000000001', 'std10000-0000-0000-0000-000000000008', NULL, NULL, 'Absent due to illness', true, now(), now())
ON CONFLICT (id) DO NOTHING;

-- Results for Unit Test 1 - Grade 1 English
INSERT INTO exam_results (id, tenant_id, exam_schedule_id, student_id, marks_obtained, grade, remarks, is_absent, created_at, updated_at)
VALUES
  ('exrs1000-0000-0000-0000-000000000011', '00000000-0000-0000-0000-000000000001', 'exsc1000-0000-0000-0000-000000000002', 'std10000-0000-0000-0000-000000000001', 46, 'A+', 'Excellent language skills', false, now(), now()),
  ('exrs1000-0000-0000-0000-000000000012', '00000000-0000-0000-0000-000000000001', 'exsc1000-0000-0000-0000-000000000002', 'std10000-0000-0000-0000-000000000002', 44, 'A+', 'Very creative writing', false, now(), now()),
  ('exrs1000-0000-0000-0000-000000000013', '00000000-0000-0000-0000-000000000001', 'exsc1000-0000-0000-0000-000000000002', 'std10000-0000-0000-0000-000000000003', 41, 'A', 'Good comprehension', false, now(), now()),
  ('exrs1000-0000-0000-0000-000000000014', '00000000-0000-0000-0000-000000000001', 'exsc1000-0000-0000-0000-000000000002', 'std10000-0000-0000-0000-000000000004', 39, 'A', 'Well done', false, now(), now()),
  ('exrs1000-0000-0000-0000-000000000015', '00000000-0000-0000-0000-000000000001', 'exsc1000-0000-0000-0000-000000000002', 'std10000-0000-0000-0000-000000000005', 35, 'B+', 'Good attempt', false, now(), now()),
  ('exrs1000-0000-0000-0000-000000000016', '00000000-0000-0000-0000-000000000001', 'exsc1000-0000-0000-0000-000000000002', 'std10000-0000-0000-0000-000000000006', 32, 'B+', 'Needs more reading practice', false, now(), now()),
  ('exrs1000-0000-0000-0000-000000000017', '00000000-0000-0000-0000-000000000001', 'exsc1000-0000-0000-0000-000000000002', 'std10000-0000-0000-0000-000000000007', 28, 'C', 'Work on vocabulary', false, now(), now()),
  ('exrs1000-0000-0000-0000-000000000018', '00000000-0000-0000-0000-000000000001', 'exsc1000-0000-0000-0000-000000000002', 'std10000-0000-0000-0000-000000000008', 37, 'A', 'Good improvement', false, now(), now())
ON CONFLICT (id) DO NOTHING;

-- Results for Mid-Term Exam - Grade 3 (All Subjects)
-- Mathematics
INSERT INTO exam_results (id, tenant_id, exam_schedule_id, student_id, marks_obtained, grade, remarks, is_absent, created_at, updated_at)
VALUES
  ('exrs1000-0000-0000-0000-000000000031', '00000000-0000-0000-0000-000000000001', 'exsc1000-0000-0000-0000-000000000031', 'std10000-0000-0000-0000-000000000009', 92, 'A+', 'Exceptional mathematical ability', false, now(), now()),
  ('exrs1000-0000-0000-0000-000000000032', '00000000-0000-0000-0000-000000000001', 'exsc1000-0000-0000-0000-000000000031', 'std10000-0000-0000-0000-000000000010', 88, 'A+', 'Outstanding problem solving', false, now(), now())
ON CONFLICT (id) DO NOTHING;

-- English
INSERT INTO exam_results (id, tenant_id, exam_schedule_id, student_id, marks_obtained, grade, remarks, is_absent, created_at, updated_at)
VALUES
  ('exrs1000-0000-0000-0000-000000000041', '00000000-0000-0000-0000-000000000001', 'exsc1000-0000-0000-0000-000000000032', 'std10000-0000-0000-0000-000000000009', 85, 'A', 'Excellent essay writing', false, now(), now()),
  ('exrs1000-0000-0000-0000-000000000042', '00000000-0000-0000-0000-000000000001', 'exsc1000-0000-0000-0000-000000000032', 'std10000-0000-0000-0000-000000000010', 90, 'A+', 'Superb comprehension skills', false, now(), now())
ON CONFLICT (id) DO NOTHING;

-- Science
INSERT INTO exam_results (id, tenant_id, exam_schedule_id, student_id, marks_obtained, grade, remarks, is_absent, created_at, updated_at)
VALUES
  ('exrs1000-0000-0000-0000-000000000051', '00000000-0000-0000-0000-000000000001', 'exsc1000-0000-0000-0000-000000000033', 'std10000-0000-0000-0000-000000000009', 87, 'A+', 'Strong scientific concepts', false, now(), now()),
  ('exrs1000-0000-0000-0000-000000000052', '00000000-0000-0000-0000-000000000001', 'exsc1000-0000-0000-0000-000000000033', 'std10000-0000-0000-0000-000000000010', 82, 'A', 'Good practical knowledge', false, now(), now())
ON CONFLICT (id) DO NOTHING;

-- Social Studies
INSERT INTO exam_results (id, tenant_id, exam_schedule_id, student_id, marks_obtained, grade, remarks, is_absent, created_at, updated_at)
VALUES
  ('exrs1000-0000-0000-0000-000000000061', '00000000-0000-0000-0000-000000000001', 'exsc1000-0000-0000-0000-000000000034', 'std10000-0000-0000-0000-000000000009', 79, 'B+', 'Good understanding of concepts', false, now(), now()),
  ('exrs1000-0000-0000-0000-000000000062', '00000000-0000-0000-0000-000000000001', 'exsc1000-0000-0000-0000-000000000034', 'std10000-0000-0000-0000-000000000010', 85, 'A', 'Excellent grasp of history', false, now(), now())
ON CONFLICT (id) DO NOTHING;

-- Hindi
INSERT INTO exam_results (id, tenant_id, exam_schedule_id, student_id, marks_obtained, grade, remarks, is_absent, created_at, updated_at)
VALUES
  ('exrs1000-0000-0000-0000-000000000071', '00000000-0000-0000-0000-000000000001', 'exsc1000-0000-0000-0000-000000000035', 'std10000-0000-0000-0000-000000000009', 78, 'B+', 'Good language proficiency', false, now(), now()),
  ('exrs1000-0000-0000-0000-000000000072', '00000000-0000-0000-0000-000000000001', 'exsc1000-0000-0000-0000-000000000035', 'std10000-0000-0000-0000-000000000010', 88, 'A+', 'Excellent Hindi skills', false, now(), now())
ON CONFLICT (id) DO NOTHING;

-- Computer Science
INSERT INTO exam_results (id, tenant_id, exam_schedule_id, student_id, marks_obtained, grade, remarks, is_absent, created_at, updated_at)
VALUES
  ('exrs1000-0000-0000-0000-000000000081', '00000000-0000-0000-0000-000000000001', 'exsc1000-0000-0000-0000-000000000036', 'std10000-0000-0000-0000-000000000009', 95, 'A+', 'Outstanding programming skills', false, now(), now()),
  ('exrs1000-0000-0000-0000-000000000082', '00000000-0000-0000-0000-000000000001', 'exsc1000-0000-0000-0000-000000000036', 'std10000-0000-0000-0000-000000000010', 91, 'A+', 'Excellent technical aptitude', false, now(), now())
ON CONFLICT (id) DO NOTHING;

-- =====================================================
-- SUMMARY STATISTICS
-- =====================================================

-- Total Exam Types: 6
-- Types: Unit Test, Mid-Term, Final, Pre-Board, Quarterly, Surprise

-- Total Exams: 8
-- Completed: 4
-- Ongoing: 1
-- Scheduled: 3
-- Cancelled: 0

-- Total Exam Schedules: 20
-- Covering 3 classes (Grade 1, 2, 3)
-- 10 different subjects
-- Various time slots and rooms

-- Total Exam Results: 26
-- Grade Distribution:
--   A+: 45% (top performers)
--   A: 30% (good performance)
--   B+: 15% (satisfactory)
--   B: 5% (average)
--   C: 5% (needs improvement)
-- Absent: 1 (with proper remarks)

-- Notes:
-- - Current date is January 4, 2026
-- - Results include varied performance levels for realistic testing
-- - Exam schedules span different dates and time slots
-- - Multiple exam types demonstrate different assessment methods
-- - Student performance varies across subjects showing realistic patterns
-- - Includes both individual and comprehensive examination data
-- - All foreign keys reference existing data from academic and student test files
